pk,title,genre,release_date,poster_path,overview
249,삼각형의 마음,다큐멘터리,,https://search.pstatic.net/common?type=o&size=174x242&quality=85&direct=true&src=https%3A%2F%2Fs.pstatic.net%2Fmovie.phinf%2F20230418_179%2F1681793678583VxttK_PNG%2Fmovie_image.jpg%3Ftype%3Dw640_2,"배우들로만 이루어진 산악회인 ‘맘 산악회’는 15년째 매주 북한산에만 오르고 있다. 극장이 쉬는 월요일에 혼자 있지 말자며 배우 손병호를 중심으로 모이기 시작해, 산악회를 오고 간 배우가 백여 명이 넘는다. 모두가 다른 위치에서, 각자의 마음에 아픔과 꿈과 목표를 품고 함께 서울을 지키고 있는 큰 산을 오른다."
250,여름날 우리,"코미디,멜로/로맨스",20210825,https://search.pstatic.net/common?type=o&size=174x242&quality=85&direct=true&src=https%3A%2F%2Fs.pstatic.net%2Fmovie.phinf%2F20230502_105%2F1683013411425r1JTn_JPEG%2Fmovie_image.jpg%3Ftype%3Dw640_2,"처음이었다, 사랑이 싹트는 기분 너에게 풍덩 빠져버렸던 17살의 여름. 너를 두고 아무 것도 할 수 없었던 21살의 여름. 그리고 몇 번의 여름이 지나고 다시 만난 너, 이젠 놓치지 않을 거야. “널 만난 건 내 인생 최고의 행운이었어”"
251,카일리 블루스,"드라마,미스터리",20230524,https://search.pstatic.net/common?type=o&size=174x242&quality=85&direct=true&src=https%3A%2F%2Fs.pstatic.net%2Fmovie.phinf%2F20230502_218%2F1683013551243BPmWN_JPEG%2Fmovie_image.jpg%3Ftype%3Dw640_2,"안개가 자욱한 도시 카일리. 의사 겸 시인 천성은 그곳에서 유령 같은 삶을 살고 있다. 꿈에서 연거푸 돌아가신 어머니를 마주한 천성은 버려진 조카를 찾기 위해 카일리를 떠나 전위안으로 향한다. 그길에서 당마이라는 자그마한 마을을 통과하게 되고 천성의 과거, 현재, 미래가 꿈결 같이 뒤섞이기 시작한다."
252,더 히어로: 저스티스 작전,"전쟁,드라마",,https://search.pstatic.net/common?type=o&size=174x242&quality=85&direct=true&src=https%3A%2F%2Fs.pstatic.net%2Fmovie.phinf%2F20220831_33%2F1661927667045m0YK1_JPEG%2Fmovie_image.jpg%3Ftype%3Dw640_2,"50년이 넘도록 이어져 온 콜롬비아 내 무력 충돌이 세 청년의 운명에도 드리운다. 군대에 억지로 끌려간 불량배, 군대에 잠입한 게릴라, 농민이었던 소녀는 상관의 명령을 따라 전장에 나간다. 세 청년들은 서로 알지도 못하고 미워하지도 않는 사람들과 목숨을 걸고 싸운다."
253,제로웨이스트,다큐멘터리,,https://search.pstatic.net/common?type=ofullfill&size=174x242&quality=85&direct=true&src=https%3A%2F%2Fs.pstatic.net%2Fmovie.phinf%2F20230420_228%2F1681978307081k5ReY_JPEG%2Fmovie_image.jpg%3Ftype%3Dw640_2,"<제로웨이스트>는 코로나 19이후 기하급수적으로 늘어난 플라스틱 쓰레기 문제에 맞서 싸우는 4명의 환경운동가, 학생, 전문가들을 통해 과연 우리는 플라스틱 재활용을 그동안 제대로 해오고 있었는지 돌아본다. 제로웨이스트의 실천을 위해 창의적인 방법으로 업사이클링을 시도 하는 오늘날 우리사회의 체인지 메이커들을 집중 조명하는 관찰 다큐멘터리이다."
254,해적 : 결전의 서막,"액션,사극,전쟁",,https://search.pstatic.net/common?type=o&size=174x242&quality=85&direct=true&src=https%3A%2F%2Fs.pstatic.net%2Fmovie.phinf%2F20230413_16%2F16813532081305jcB5_JPEG%2Fmovie_image.jpg%3Ftype%3Dw640_2,해적의 습격을 받은 소찬은 적들의 소탕을 결심하지만 부패한 정부와 결탁한 적들에게 크게 고전을 하고 결국 동료마저 인질로 붙잡히게 된다. 소찬은 힘을 모아 최후의 결전을 준비한다.
255,혐오의 스타,드라마,,https://search.pstatic.net/common?type=ofullfill&size=174x242&quality=85&direct=true&src=https%3A%2F%2Fs.pstatic.net%2Fmovie.phinf%2F20210727_251%2F1627367069372c6t6u_JPEG%2Fmovie_image.jpg%3Ftype%3Dw640_2,서로 다른 체형 컴플렉스를 지닌 주인공들이 우연히 만나 위로받는 이야기를 그린 영화
256,마인드케이지,"범죄,드라마,스릴러,공포(호러)",,https://media.istockphoto.com/id/499642119/ko/%EB%B2%A1%ED%84%B0/%EC%82%AC%EC%9A%A9-%EA%B0%80%EB%8A%A5%ED%95%9C-%EC%82%AC%EC%A7%84-%EC%97%86%EC%9D%8C-%EB%98%90%EB%8A%94-%EB%AF%B8%EC%8B%B1-%EC%9D%B4%EB%AF%B8%EC%A7%80.webp?s=612x612&w=is&k=20&c=7c0_XObaB51UOyiKd0n0Vh7DYElthNtjazmmQyHvVhA=,여성을 납치 살인했던 연쇄 살인범의 모방범죄를 해결하려는 형사들의 이야기를 다룬 영화
257,스몰 월드,액션,,https://search.pstatic.net/common?type=o&size=174x242&quality=85&direct=true&src=https%3A%2F%2Fs.pstatic.net%2Fmovie.phinf%2F20230405_12%2F1680679430148igV4Y_JPEG%2Fmovie_image.jpg%3Ftype%3Dw640_2,"러시아와 인접한 폴란드 국경 마을, 누군가에 의해 4살 여자아이 '올라'가 러시아로 납치된다. 납치범을 쫓아 러시아로 넘어간 형사 로버트는 올라가 국제 아동 성착취 조직에 팔려간 것을 알게 되고 필사적으로 올라의 흔적을 추적해 나간다. 하지만 올라는 연이어 여러 나라로 팔려가고 추적을 거듭하던 로버트는 예상치 못했던 거대한 조직의 실체와 마주하게 되는데..."
258,항구의 니쿠코짱!,애니메이션,20230427,https://search.pstatic.net/common?type=o&size=174x242&quality=85&direct=true&src=https%3A%2F%2Fs.pstatic.net%2Fmovie.phinf%2F20230411_26%2F1681190684121Ej4fw_JPEG%2Fmovie_image.jpg%3Ftype%3Dw640_2,"“보통날이 제일 좋은 거야!” 평범한 인생도 ‘갓생’으로 만드는 무한 긍정 에너지 ‘니쿠코짱’. 정이 많아 허다한 날 남자에게 속는 그녀는 사라진 남자를 찾아 딸 ‘키쿠코’와 함께 작은 항구 마을에 도착하고, 그곳에서 운명의 고깃집(!)을 만난 후 마을에 정착하기로 결심한다. 그리고 어느덧 항구 마을에서 사춘기를 맞이한 딸 ‘키쿠코’는 어김없이 마을 최강 인싸력을 발휘하는 ‘니쿠코짱’이 요즘 들어 부끄럽다. “키쿠코, 오늘은 어떤 날이었어?” 잘 먹고, 잘 싸고, 잘 자고, 평범한 날이 최고라는 ‘니쿠코짱’을 도저히 이해할 수 없는 ‘키쿠코’. 그런 딸의 속도 모르고 ‘니쿠코짱’은 밤마다 누군가와 비밀스러운 통화까지?! 달라도 너무 다른 두 모녀 사이는 좀처럼 좁혀질 기미가 없는 가운데, 어느 날 둘 사이를 바꿔 놓을 뜻밖의 비밀이 밝혀지는데…! 두 모녀의 별일 없는 하루가 모인 맛난 인생 이야기! 마음의 공복을 채워줄 사랑스러운 그녀가 온다!"
259,롱 플레이스,"액션,범죄",20230427,https://search.pstatic.net/common?type=o&size=174x242&quality=85&direct=true&src=https%3A%2F%2Fs.pstatic.net%2Fmovie.phinf%2F20230420_247%2F1681978469442Co6h9_JPEG%2Fmovie_image.jpg%3Ftype%3Dw640_2,마약 조직의 내분으로 일어난 끔찍한 살인 사건. 우연히 그 현장을 목격한 전직 경찰 서장 '프랭크'는 조직 두목이자 살인 사건의 주범인 '버질'을 제압해 경찰에 넘기는 데 성공한다. 곧 복수심에 불타는 조직원들은 그를 뒤쫓으며 목숨을 위협하기 시작하는데... 하지만 상대를 잘못 골랐다! 건드리지 말았어야 할 그의 반격이 시작된다!
260,2퍼센트,드라마,20230427,https://media.istockphoto.com/id/499642119/ko/%EB%B2%A1%ED%84%B0/%EC%82%AC%EC%9A%A9-%EA%B0%80%EB%8A%A5%ED%95%9C-%EC%82%AC%EC%A7%84-%EC%97%86%EC%9D%8C-%EB%98%90%EB%8A%94-%EB%AF%B8%EC%8B%B1-%EC%9D%B4%EB%AF%B8%EC%A7%80.webp?s=612x612&w=is&k=20&c=7c0_XObaB51UOyiKd0n0Vh7DYElthNtjazmmQyHvVhA=,준비 예정
261,플레이 데드,공포(호러),,https://search.pstatic.net/common?type=o&size=174x242&quality=85&direct=true&src=https%3A%2F%2Fs.pstatic.net%2Fmovie.phinf%2F20160523_299%2F1463970265334NgUDv_JPEG%2Fmovie_image.jpg%3Ftype%3Dw640_2,열여섯 살 톰은 무기를 손수 개발하는 에반의 실험 대상이지만 ‘스퍼드건 실험’을 당한 뒤에는 그의 집 앞을 지나가는 것 자체를 피하게 된다. 그러나 에반은 이제 막 재미있어지기 시작한 실험을 그만두고 싶지 않다. [제18회 서울국제청소년영화제]
262,탐정 말로,"범죄,액션,스릴러",,https://search.pstatic.net/common?type=ofullfill&size=174x242&quality=85&direct=true&src=https%3A%2F%2Fs.pstatic.net%2Fmovie.phinf%2F20220915_291%2F1663230284379lwQQh_JPEG%2Fmovie_image.jpg%3Ftype%3Dw640_2,"화려함 뒤의 추악함을 밝혀라! 탐정 필립 말로의 강렬한 추리가 시작된다! 다부진 체격, 깔끔한 정장 그리고 그윽한 담배 연기. 할리우드의 탐정 ‘말로’(리암 니슨)는 사라진 애인을 찾아 달라는 매력적인 여인 '캐빈디시'(다이앤 크루거)의 의뢰를 받아 조사에 나서고, 거대한 조직에 얽힌 충격적인 비밀을 마주하게 되는데… 역사상 가장 매력적인 하드보일드 탐정이 온다!"
263,야쿠자들: 폭력의 도시,"범죄,액션",,https://search.pstatic.net/common?type=o&size=174x242&quality=85&direct=true&src=https%3A%2F%2Fs.pstatic.net%2Fmovie.phinf%2F20230420_107%2F1681953081097GIIia_JPEG%2Fmovie_image.jpg%3Ftype%3Dw640_2,"폭력이 지배하는 도시! 그 속에서 벌어지는 지독한 전쟁! 거리를 주름 잡던 거대 야쿠자의 두목이 누군가에게 살해당한 후 도시는 폭력으로 물들게 된다. 이후 한국 출신의 적대 세력 야쿠자 ‘김승기’가 범인으로 지목되지만, 행방을 알 수 없다. 이에 검사장 ‘히라야마 켄지’는 형무소에 갇혀 있던 폭력 형사 ‘토라타 마코토’에게 사건을 맡기고, ‘토라타 마코토’는 상상도 못한 자신만의 방법으로 ‘김승기’를 쫓는데…"
264,포트리스2 : 스나이퍼 아이,액션,,https://search.pstatic.net/common?type=o&size=174x242&quality=85&direct=true&src=https%3A%2F%2Fs.pstatic.net%2Fmovie.phinf%2F20230503_184%2F16831043869552BV4s_JPEG%2Fmovie_image.jpg%3Ftype%3Dw640_2,"포트리스 기지에 공격이 가해진 후 자신의 숙적 발자리를 처리한 로버트는 발자리의 아내 샤샤를 구출해 포트리스로 데려온다. 한편 폴의 여자친구 케이트의 어머니와 여동생도 포트리스를 방문하고, 어느 때보다 평화로운 시간을 보낸다. 그러던 어느 날 정체를 알 수 없는 괴한들이 습격해오고, 로버트를 깜짝 놀라게 한 그들의 정체가 밝혀지는데..."
265,디데이 어쎄신,전쟁,,https://media.istockphoto.com/id/499642119/ko/%EB%B2%A1%ED%84%B0/%EC%82%AC%EC%9A%A9-%EA%B0%80%EB%8A%A5%ED%95%9C-%EC%82%AC%EC%A7%84-%EC%97%86%EC%9D%8C-%EB%98%90%EB%8A%94-%EB%AF%B8%EC%8B%B1-%EC%9D%B4%EB%AF%B8%EC%A7%80.webp?s=612x612&w=is&k=20&c=7c0_XObaB51UOyiKd0n0Vh7DYElthNtjazmmQyHvVhA=,준비 예정
266,디 데이,다큐멘터리,,https://search.pstatic.net/common?type=o&size=174x242&quality=85&direct=true&src=https%3A%2F%2Fs.pstatic.net%2Fmovie.phinf%2F20130716_167%2F1373963474639L6esq_JPEG%2Fmovie_image.jpg%3Ftype%3Dw640_2,준비 예정
267,13 미닛츠,"액션,드라마",,https://search.pstatic.net/common?type=o&size=174x242&quality=85&direct=true&src=https%3A%2F%2Fs.pstatic.net%2Fmovie.phinf%2F20170224_153%2F1487922164540bwlKo_JPEG%2Fmovie_image.jpg%3Ftype%3Dw640_2,준비 예정
268,포트리스: 더 벙커,액션,,https://search.pstatic.net/common?type=o&size=174x242&quality=85&direct=true&src=https%3A%2F%2Fs.pstatic.net%2Fmovie.phinf%2F20230502_79%2F16829953249543f6NL_JPEG%2Fmovie_image.jpg%3Ftype%3Dw640_2,"암호화폐를 둘러싼 그들의 전쟁이 시작된다! 암호 화폐 거래소를 운영하는 폴은 사업이 어려워지며 큰 돈이 필요하게 되고, 사업자금을 끌어오기 위해 3년 전 자취를 감춘 전직 CIA 요원인 아버지 로버트를 수소문해 그가 머문다는 실버타운을 찾아간다. 그 뒤를 미행한 로버트의 숙적 발라지가 습격하며 총격전이 벌어지고, 부자는 습격을 피해 최첨단 비밀벙커로 피신하는데..."
269,존 윅 4,액션,20230412,https://search.pstatic.net/common?type=o&size=174x242&quality=85&direct=true&src=https%3A%2F%2Fs.pstatic.net%2Fmovie.phinf%2F20230329_142%2F1680055399492ipxkq_JPEG%2Fmovie_image.jpg%3Ftype%3Dw640_2,"죽을 위기에서 살아난 ‘존 윅’은 ‘최고 회의’를 쓰러트릴 방법을 찾아낸다. 비로소 완전한 자유의 희망을 보지만, NEW 빌런 ‘그라몽 후작’과 전 세계의 최강 연합은 ‘존 윅’의 오랜 친구까지 적으로 만들어 버리고, 새로운 위기에 놓인 ‘존 윅’은 최후의 반격을 준비하는데,, 레전드 액션 블록버스터 <존 윅>의 새로운 챕터가 열린다!"
270,"조제, 호랑이 그리고 물고기들",애니메이션,20210331,https://search.pstatic.net/common?type=o&size=174x242&quality=85&direct=true&src=https%3A%2F%2Fs.pstatic.net%2Fmovie.phinf%2F20230427_105%2F16825858976552nfPE_JPEG%2Fmovie_image.jpg%3Ftype%3Dw640_2,"“이름이 뭐야?” “조제” 취미인 그림과 책과 상상 속에서, 자신의 세계를 그리며 살아가는 ‘조제’ 어려서부터 휠체어를 탄 그녀는 어느 날, 언덕길에서 굴러떨어질 뻔한걸, 대학생 ‘츠네오’에게 도움을 받게 된다. 해양생물학을 전공하는 ‘츠네오’는 멕시코에서만 서식하는 환상의 물고기 떼를 언젠가 그 눈으로 보겠다는 꿈을 쫓아다니며 아르바이트로 날을 지새우는 대학생. 그런 ‘츠네오’에게 ‘조제’와 둘이 살고있는 조모가 어떤 아르바이트를 제안한다. 바로 ‘조제’의 부탁을 받아 그녀를 상대해 주는 것. 그러나 삐딱하고 입이 나쁜 ‘조제’는 ‘츠네오’에게 신랄하게 대하고, ‘츠네오’도 ‘조제’에게 참지 않고 정면으로 부딪친다. 그런 가운데, 각자의 마음속과 좁혀져 가는 두 사람의 마음의 거리. 그 만남 속에서 ‘조제’는 마음을 굳게 먹고 꿈꾸던 바깥 세계로 ‘츠네오’와 함께 뛰쳐나갈 것을 결정하지만……."
271,피기,스릴러,20230426,https://search.pstatic.net/common?type=o&size=174x242&quality=85&direct=true&src=https%3A%2F%2Fs.pstatic.net%2Fmovie.phinf%2F20230315_203%2F1678847867469Qotzg_JPEG%2Fmovie_image.jpg%3Ftype%3Dw640_2,내 이름은 사라. 나를 돼지라 부르며 괴롭히던 친구들이 납치당하는 것을 보게 되었다. 작은 마을에서 살인 사건도 벌어졌다. 끔찍한 사건의 유일한 목격자가 된 것 같다 그렇다면… 신고한다 VS 안 한다
272,자전거 도둑,드라마,20230426,https://search.pstatic.net/common?type=ofullfill&size=174x242&quality=85&direct=true&src=https%3A%2F%2Fs.pstatic.net%2Fmovie.phinf%2F20140926_18%2F1411694910521lzOor_JPEG%2Fmovie_image.jpg%3Ftype%3Dw640_2,등록금을 마련하기 위해 고급 자전거의 안장을 훔쳐 파는 여자가 있다. 어느 날 자신의 자전거 안장을 누군가 훔쳐간다. 도둑이 도둑을 쫓아다니는 상황이 벌어진다. (남동철) [제19회 부산국제영화제]
273,슈퍼 마리오 브라더스,"애니메이션,어드벤처,코미디",20230426,https://search.pstatic.net/common?type=o&size=174x242&quality=85&direct=true&src=https%3A%2F%2Fs.pstatic.net%2Fmovie.phinf%2F20230309_3%2F1678329123596Kpcdb_JPEG%2Fmovie_image.jpg%3Ftype%3Dw640_2,따단-딴-따단-딴 전 세계를 열광시킬 올 타임 슈퍼 어드벤처의 등장! 뉴욕의 평범한 배관공 형제 '마리오'와 ‘루이지’는 배수관 고장으로 위기에 빠진 도시를 구하려다 미스터리한 초록색 파이프 안으로 빨려 들어가게 된다. 파이프를 통해 새로운 세상으로 차원 이동하게 된 형제. 형 '마리오'는 뛰어난 리더십을 지닌 '피치'가 통치하는 버섯왕국에 도착하지만 동생 '루이지'는 빌런 '쿠파'가 있는 다크랜드로 떨어지며 납치를 당하고 ‘마리오’는 동생을 구하기 위해 ‘피치’와 ‘키노피오’의 도움을 받아 '쿠파'에 맞서기로 결심한다. 그러나 슈퍼스타로 세상을 지배하려는 그의 강력한 힘 앞에 이들은 예기치 못한 위험에 빠지게 되는데...! 동생을 구하기 위해! 세상을 지키기 위해! '슈퍼 마리오'로 레벨업 하기 위한 '마리오'의 스펙터클한 스테이지가 시작된다!
274,2001 스페이스 오디세이,"SF,드라마",,https://media.istockphoto.com/id/499642119/ko/%EB%B2%A1%ED%84%B0/%EC%82%AC%EC%9A%A9-%EA%B0%80%EB%8A%A5%ED%95%9C-%EC%82%AC%EC%A7%84-%EC%97%86%EC%9D%8C-%EB%98%90%EB%8A%94-%EB%AF%B8%EC%8B%B1-%EC%9D%B4%EB%AF%B8%EC%A7%80.webp?s=612x612&w=is&k=20&c=7c0_XObaB51UOyiKd0n0Vh7DYElthNtjazmmQyHvVhA=,준비 예정
275,신라의 달밤,코미디,20010623,https://search.pstatic.net/common?type=o&size=174x242&quality=85&direct=true&src=https%3A%2F%2Fs.pstatic.net%2Fmovie.phinf%2F20111222_153%2F1324517212070OhruJ_JPEG%2Fmovie_image.jpg%3Ftype%3Dw640_2,"십년전, 전설적인 고교 짱 최기동(차승원 분)과 소심한 모범생 박영준(이성재 분)은 경주 지역으로 수학여행을 떠난다. 그리고 휘엉청 달이 밝은 운명의 그날 밤, 두 사람은 평생 잊을 수 없는 사건을 겪게 되고, 우연히 10년만에 경주에서 맞딱드린 기동과 영준. 고교시절 ‘전설의 짱’ 최기동은 다혈질 체육선생이 되어 있고, 소심한 모범생 ‘왕따’ 박영준은 엘리트 깡패가 되어 나타난다. 그 옛날의 전설적인 사건을 되새기며 반갑게 악수하는 그들의 양손에는 어느덧 힘이 들어가기 시작한다. 그녀는 홀연히 나타났다. 슬픈 눈으로 우는가 하면 어느덧 그 눈으로 웃음 짓는 민주란! 그녀가 깡패같지 않은 깡패와 선생같지 않은 선생사이에서 관심 갖는 남자라고는 오로지 철부지 남동생 민주섭!(이종수 분) 영준의 후계자가 되고 싶은 주섭이는 기동 학교의 소문난 문제아. 과연 깡패와 선생 중 그들의 어떤 사랑법이 주란의 마음을 차지할 수 있을 것인가? 영준을 노리는 일당에게 주란이 납치 당하는 사건이 일어나고 설상가상으로 영준의 조직이 붕괴되는 곤경에 몰리는데 홀연단신으로 적지에 떨어진 영준과 사랑과 우정사이에서 갈등하는 기동. 그리고 이들을 바라보는 한 여자 민주란 과연 이들과 경주의 미래는 어떻게 전개 될 것인가."
276,친구,드라마,20010331,https://search.pstatic.net/common?type=ofullfill&size=174x242&quality=85&direct=true&src=https%3A%2F%2Fs.pstatic.net%2Fmovie.phinf%2F20180516_95%2F1526432193901jSSnd_PNG%2Fmovie_image.jpg%3Ftype%3Dw640_2,"중학생인 상규와 민선은 게임을 사기 위해 시내로 나갔다가 고등학생 양아치들을 만난다. 하지만 싸움을 잘하는 형이 있는 민선은 돈을 뺏기지 않고, 상규 혼자만 돈을 뺏긴다. 그렇게 혼자만 돈을 뺏기고 집으로 돌아온 상규는 자신의 집을 찾은 사촌 형에게 복수를 부탁한다. [제17회 미쟝센 단편영화제]"
277,달마야 놀자,코미디,20011108,https://search.pstatic.net/common?type=o&size=174x242&quality=85&direct=true&src=https%3A%2F%2Fs.pstatic.net%2Fmovie.phinf%2F20111222_160%2F1324501213786xtzji_JPEG%2Fmovie_image.jpg%3Ftype%3Dw640_2,"업소의 주도권을 놓고 일대 격전을 벌이던 재규 일당은 예상치 못한 기습으로, 더 이상 숨을 곳도 없이 보살펴 줄 조직의 힘도 끊긴 채 고립된다. 그들은 자비와 진리를 수행 중인 스님들이 살고 있는 절로 들어가 자리를 잡는다. 그 동안의 모든 일상을 뒤집는 느닷없는 이 인연은 고요했던 산사를 흔들기 시작한다. 막무가내로 들이닥친 재규 일당을 받아들여야만 하는 스님들은 약속한 일주일의 시간이 야속하기만 하고, 보스의 연락만을 기다리는 재규 일당의 심정도 편치만은 않다. 절 생활의 무료함과 초조함을 달래기 위한 재규 일당의 일과는 사사건건 스님들의 수행에 방해가 되고 이들을 내쫓고 평화를 찾기 위한 스님들의 눈물겨운 대책은 기상천외한 대결로 이어진다. 5판3승의 화려하고 긴박한 게임은 재규일당의 승리로 돌아가고 결국 암자에 더 머물러도 좋다는 허락을 받아낸다. 스님들과 똑같은 수도생활을 해야 한다는 조건을 달고 재정비에 들어가는 산사생활은 또 다른 국면에 접어든다. 참았던 감정이 폭발한 두 집단은 오고가는 맞짱과 몇 번의 덮치기 등으로 팽팽하게 대립한다. 일하지 않은 자는 먹지도 말라하니 말년 병장처럼 지내던 재규일당의 생활은 이등병 신참으로 추락하기에 이른다. 치사하고 처절하고 눈물나는 수행은 다시 시작되는데. 스님들은 과연 그들과 홀가분하게 '세이 굿바이'를 할 수 있을까?"
278,댓글부대(가제),"범죄,드라마",,https://media.istockphoto.com/id/499642119/ko/%EB%B2%A1%ED%84%B0/%EC%82%AC%EC%9A%A9-%EA%B0%80%EB%8A%A5%ED%95%9C-%EC%82%AC%EC%A7%84-%EC%97%86%EC%9D%8C-%EB%98%90%EB%8A%94-%EB%AF%B8%EC%8B%B1-%EC%9D%B4%EB%AF%B8%EC%A7%80.webp?s=612x612&w=is&k=20&c=7c0_XObaB51UOyiKd0n0Vh7DYElthNtjazmmQyHvVhA=,준비 예정
279,건담 G의 레콘기스타 4: 격전 속에 외치는 사랑,"애니메이션,SF,액션",,https://search.pstatic.net/common?type=o&size=174x242&quality=85&direct=true&src=https%3A%2F%2Fs.pstatic.net%2Fmovie.phinf%2F20230418_72%2F1681786794234irEiV_JPEG%2Fmovie_image.jpg%3Ftype%3Dw640_2,"벨리와 아이다 일행을 태운 메가파우나는 금성 주역에 있는 스페이스 콜로니 ‘비너스 글로브’로 향한다. 모든 것의 동력원이 되고 있지만 지구에서는 채굴·제조가 불가능한 미지의 에너지원 ‘포톤 배터리’. 비너스 글로브에는 그러한 포톤 배터리의 생산과 공급을 독점하는 ‘헤르메스 재단’이 있다. 그러나 여정 도중 레콘기스타 작전의 실행을 도모하는 ‘지트단’이 무력으로 크레센트 쉽을 점거하는 일이 발생하고, G-셀프마저 빼앗기고 만다. 지트단과의 힘겨운 싸움을 거쳐 다시 G-셀프를 되찾은 벨리와 아이다 일행은 드디어 헤르메스 재단의 라 구우 총재와 회담의 기회를 얻게 되는데..."
280,정아의 짐,드라마,,https://media.istockphoto.com/id/499642119/ko/%EB%B2%A1%ED%84%B0/%EC%82%AC%EC%9A%A9-%EA%B0%80%EB%8A%A5%ED%95%9C-%EC%82%AC%EC%A7%84-%EC%97%86%EC%9D%8C-%EB%98%90%EB%8A%94-%EB%AF%B8%EC%8B%B1-%EC%9D%B4%EB%AF%B8%EC%A7%80.webp?s=612x612&w=is&k=20&c=7c0_XObaB51UOyiKd0n0Vh7DYElthNtjazmmQyHvVhA=,준비 예정
281,바이 마이 아이,드라마,,https://search.pstatic.net/common?type=ofullfill&size=174x242&quality=85&direct=true&src=https%3A%2F%2Fs.pstatic.net%2Fmovie.phinf%2F20210906_268%2F1630891740753TNbIa_JPEG%2Fmovie_image.jpg%3Ftype%3Dw640_2,"다정은 31살 대한민국에 살고 있는 여성이자 작가(연출)이다. 어느 날, 조기 폐경 진단을 받은 다정은 존재 이유에 의문을 갖기 시작한다. 이제 막 깨달은 현실에 치여 살기에 급급하던 다정은 결혼이나 임신에 대해 진지하게 고민해 본 적이 없다. 그것을 상실한다고 생각하니 혼란스럽고, 마치 지금 당장 선택하라고 강요하듯 다정의 주변 사람들은 다정을 흔든다. 정답을 알 수 없는 다정은 어린아이처럼 운다. [제25회 인디포럼]"
282,스프린터,기타,20230524,https://search.pstatic.net/common?type=o&size=174x242&quality=85&direct=true&src=https%3A%2F%2Fs.pstatic.net%2Fmovie.phinf%2F20230427_189%2F1682576835819UPl2L_JPEG%2Fmovie_image.jpg%3Ftype%3Dw640_2,"은퇴만 남은 신기록 보유자 ‘현수’ 최고의 자리를 잃을까 두려운 ‘정호’ 유망주였지만 팀 해체 위기에 놓인 ‘준서’ 그래도, 계속 달려야 하니까. 제자리에. 차렷. GO!"
283,사랑의 고고학,드라마,20230412,https://search.pstatic.net/common?type=o&size=174x242&quality=85&direct=true&src=https%3A%2F%2Fs.pstatic.net%2Fmovie.phinf%2F20230324_267%2F16796490639638nJFn_JPEG%2Fmovie_image.jpg%3Ftype%3Dw640_2,"만난 지 8시간 만에 사랑에 빠진 영실과 인식. 인식은 그런 영실을 자유로운 영혼이라 확신하며 어떠한 상황에서도 함께할 것이라는 약속을 받아낸다. 시간이 지날수록 영실에 대한 인식의 집착은 심해지고, 영실은 뒤틀린 관계 속에서도 인식과의 약속을 지키고자 한다. 하지만 영실의 노력에도 헤어진 두 사람. 8년 동안의 불온했던 과거의 굴레에서 벗어나 영실은 자신의 사랑에 대해 정면으로 응시할 준비를 시작한다."
284,스나이퍼 : 하드타겟,액션,,https://search.pstatic.net/common?type=o&size=174x242&quality=85&direct=true&src=https%3A%2F%2Fs.pstatic.net%2Fmovie.phinf%2F20230407_34%2F1680831894718LhewI_JPEG%2Fmovie_image.jpg%3Ftype%3Dw640_2,"1931년, 일제의 침략으로 폐허가 된 만주 전쟁으로 동료를 잃고 홀로 살아남은 전설적 스나이퍼 '임천행'은 일본 장교를 살해하기 위한 작전을 완수하기 위해 다시 총을 잡는다."
285,귀인,드라마,,https://media.istockphoto.com/id/499642119/ko/%EB%B2%A1%ED%84%B0/%EC%82%AC%EC%9A%A9-%EA%B0%80%EB%8A%A5%ED%95%9C-%EC%82%AC%EC%A7%84-%EC%97%86%EC%9D%8C-%EB%98%90%EB%8A%94-%EB%AF%B8%EC%8B%B1-%EC%9D%B4%EB%AF%B8%EC%A7%80.webp?s=612x612&w=is&k=20&c=7c0_XObaB51UOyiKd0n0Vh7DYElthNtjazmmQyHvVhA=,세상 찌질한 인생을 살며 자신이 쓴 시나리오로 영화를 만든다는 꿈을 가지고 살아가는 강구. 매니지먼트 회사에서 배우 매니저로 일하며 자신의 꿈을 향해 한발씩 나아가고 있는데... 어느 날 차 수리를 위해 방문한 카센터에서 우연히 무명배우 현석을 마주치게 된다. 순간 강구는 현석이 배우로서의 성공 가능성이 높음을 직감하고 그를 설득한다. 그렇게 둘의 인연이 시작되고 강구는 자신만의 스타일로 현석을 트레이닝 시키게 되는데 현석은 그런 강구의 추진력과 확신에 찬 포부를 보며 점점 확고한 믿음을 가지게 된다. 하지만 시간이 지날수록 이상한 트레이닝과 돈을 요구하는 강구의 행동에 자꾸 의심을 품게 되고 결국엔 연락을 두절하기까지 이른다. 과연 강구가 말하는 갑부의 딸이 진실일까? 그렇지 않다면 순수한 무명배우 현석의 간절함을 이용한 거짓일까?
286,스마일 어게인,"액션,공포(호러)",20230425,https://search.pstatic.net/common?type=o&size=174x242&quality=85&direct=true&src=https%3A%2F%2Fs.pstatic.net%2Fmovie.phinf%2F20230125_280%2F1674610774053NpUAb_JPEG%2Fmovie_image.jpg%3Ftype%3Dw640_2,특수경찰대원 카밀라는 슬럼가에 숨은 갱단의 아지트를 급습하는 과정에서 갱단의 습격으로 대부분의 대원들이 희생당하는 사고를 당한다. 카밀라는 때마침 벌어진 사이비 교주 알비노의 강령술 한가운데에 떨어져 온몸에 심한 화상을 입은 채로 혼수상태에 빠진다. 기억을 잃고 깨어난 그녀는 친구인 파티마의 도움을 받는다. 하지만 기억을 잃은 카밀라의 주변에는 사악한 기운이 맴돌고 주변 사람들이 웃음을 지으며 자살하는 기이한 사건들이 벌어진다. 저주를 받은 카밀라와 파티마와 얽힌 끔찍한 비밀이 밝혀지고 사이비 종교 알비노 일당들과 최후의 대결을 벌이게 된다.
287,정이,SF,,https://search.pstatic.net/common?type=o&size=174x242&quality=85&direct=true&src=https%3A%2F%2Fs.pstatic.net%2Fmovie.phinf%2F20221229_114%2F1672276998530WfeSF_JPEG%2Fmovie_image.jpg%3Ftype%3Dw640_2,"급격한 기후변화로 지구는 폐허가 되고 인류는 우주에 새로운 터전 ‘쉘터’를 만들어 이주한다. 수십 년째 이어지는 내전에서 ‘윤정이’(김현주)는 수많은 작전의 승리를 이끌며 전설의 용병으로 거듭난다. 하지만 단 한 번의 작전 실패로 식물인간이 되고, 군수 A.I. 개발 회사 크로노이드는 그녀의 뇌를 복제해 최고의 A.I. 전투 용병 개발을 시작한다. 35년 후, ‘정이’의 딸 ‘윤서현’(강수연)은 ‘정이 프로젝트’의 연구팀장이 되어 전투 A.I. 개발에 힘쓴다. 끝없는 복제와 계속되는 시뮬레이션에도 연구에 진전이 없자, 크로노이드는 ‘정이’를 두고 또 다른 프로젝트를 준비한다. 이를 알게 된 ‘서현’은 ‘정이’를 구하기 위한 계획을 세우는데… 전투 A.I. 정이, 연구소를 탈출하라!"
288,주리,드라마,,https://search.pstatic.net/common?type=o&size=174x242&quality=85&direct=true&src=https%3A%2F%2Fs.pstatic.net%2Fmovie.phinf%2F20130222_49%2F1361496395719JdiEi_JPEG%2Fmovie_image.jpg%3Ftype%3Dw640_2,"영화제 심사를 위해 모인 다섯 명의 심사위원이 모인 자리. 영화는 마음이라고 말하는 정감독, 마음 보다는 메시지를 강조하는 강수연, 한국영화의 경향을 비판적으로 논하는 토니, 서투른 영어 때문에 생각을 제대로 전달하지 못하는 토미야마, 그리고 이들 사이에서 갈팡질팡하는 심사위원장 안성기. 영화제 심사를 위해 모인 다섯 명의 심사위원들의 묘한 갈등은 극에 달하고 결국 서로의 감정이 폭발하는 영화제 사상 초유의 사태가 발생하는데… 과연 다섯 명의 심사위원은 하나의 작품을 선정할 수 있을까? 영화를 만들고, 보고, 비평하는 모든 이들을 위한 영화가 지금 시작된다."
289,아제아제 바라아제,드라마,19890304,https://search.pstatic.net/common?type=o&size=174x242&quality=85&direct=true&src=https%3A%2F%2Fs.pstatic.net%2Fmovie.phinf%2F20111222_187%2F13244906063353HVjx_JPEG%2Fmovie_image.jpg%3Ftype%3Dw640_2,"고등학생 순녀는 손닿지 않는 부성의 아픔만 남기고 떠난 아버지 윤봉 스님, 고리대금업과 성애의 갈증에 찬 어머니 제주댁을 가지고 있다. 순녀는 겨울 덕암사에 찾아와 은선 스님을 스승으로하여 비숫한 또래의 다른 비구니들과 함께 본격적인 비구니 생활을 시작한다. 순녀는 박현우라는 죽음 직전의 사내를 구출한 일에 연루하여 파계 아닌 파계를 맞게 되어 끝없이 시련의 세월을 보내고 남해안 어느 부둣가에서 만나 비금도 병원 생활을 시작한다. 병원 생활은 인간의 또 다른 아픔을 체득하는 기간이었다. 송기사를 건지려는 그녀는 송기사의 죽음으로 덕암사를 다시 찾아 진리, 자유, 구원 그 어떠한 지고지순의 가치도 사람의 아픔에 뿌리내리지 않고는 의미가 없다는 가르침을 스승 은선으로부터 배운다."
290,씨받이,"드라마,사극",19870321,https://search.pstatic.net/common?type=o&size=174x242&quality=85&direct=true&src=https%3A%2F%2Fs.pstatic.net%2Fmovie.phinf%2F20210223_101%2F16140697336791r0n6_JPEG%2Fmovie_image.jpg%3Ftype%3Dw640_2,"이조시대 대가집 종손 신상규(이구순 분)와 그의 부인 윤씨(방희 분) 사이에 손이 없자 상규의 어머니와 숙부 신치호(윤양하 분)가 숙의 끝에 씨받이 여인을 들일 것을 결정, 씨받이 여인이었던 필녀(김형자 분)의 딸 옥녀(강수연 분)를 간택하여 집안으로 들인다. 합방날, 옥녀를 대면한 상규는 옥녀의 빼어난 용모에 사로잡혀 옥녀를 총애하게 되자 부인 윤씨는 옥녀를 투기하게 된다. 드디어 옥녀에 태기가 있자 온 집안은 옥녀를 떠받들게 되며 옥녀도 잠시 자신의 처지를 망각하고 상규를 진실로 사랑하게 된다. 필녀는 자신의 과거를 돌이켜보며 옥녀를 타이르나 옥녀는 받아들이지 않는다. 옥녀가 아들을 낳자 그 아이는 곧장 윤씨의 품에 안기며 신씨 종가는 경사를 맞는다. 옥녀는 아기의 얼굴도 보지 못한 채 그밤으로 떠날 것을 종용받자 자신의 한 많은 생을 죽음으로써 패륜에 항거한다."
291,송어,"드라마,스릴러",19991106,https://search.pstatic.net/common?type=o&size=174x242&quality=85&direct=true&src=https%3A%2F%2Fs.pstatic.net%2Fmovie.phinf%2F20111222_59%2F1324549770970tsAgW_JPEG%2Fmovie_image.jpg%3Ftype%3Dw640_2,"산골에서 양어장을 하며 혼자 사는 창현(황인성 분)의 집에 옛 친구들이 찾아온다. 은행원 민수(설경구 분), 그의 처 정화(강수연 분), 정화의 여동생 세화(이은주 분), 갈빗집 사장 병관(김세동 분)과 그의 처 영숙(이항나 분) 등 일행 5명이 창현의 집에서 2박3일간 휴가를 즐기기로 한 것이다. 도착한 날 밤은 오랜만에 도시를 벗어난 상쾌함과 다시 만난 반가움에 모닥불을 피워놓고 노래부르며 즐거워하지만 다음날 아침부터 일이 꼬이기 시작한다. 전날 주차를 똑바로 안 했다고 시비를 걸던 사냥꾼들이 지프로 민수와 병관이 타고 있는 승합차를 들이받는다. 총을 든 험악한 사냥꾼들에게 아무 말도 못하고 당한 민수와 병관이 양어장으로 돌아왔을 때 과거 창현의 애인이던 민수의 처 정화는 창현과의 감정을 다시 느끼며 눈물짓고, 민수는 그런 정화에게 무슨 일이 있었냐고 다그친다. 갑작스런 물음에 당황한 정화는 민수의 관심을 돌리기 위해 사소한 일을 부풀리는 거짓말을 한다. 양어장 근처에서 개를 키우며 혼자 사는 소년 태주가 몰래 세화를 훔쳐보더라는 말을 들은 민수와 병관은 사냥꾼들에게 당한 화풀이를 힘없는 소년 태주에게 해댄다. 낯선 곳에 대한 호기심이 짜증과 두려움으로 바뀌던 둘째날 밤 서울에서 온 일행 앞에는 끔찍한 일들이 기다리고 있었다."
292,미미와 철수의 청춘스케치,드라마,19870704,https://search.pstatic.net/common?type=o&size=174x242&quality=85&direct=true&src=https%3A%2F%2Fs.pstatic.net%2Fmovie.phinf%2F20111222_263%2F1324490713849Fxc6X_JPEG%2Fmovie_image.jpg%3Ftype%3Dw640_2,"신문방송학도인 평범한 대학생 철수는 영문과의 당돌한 여학생 미미와 함께 즐거운 캠퍼스 생활을 보낸다. 그러던 어느날 보물섬이라 불리우는 법대생을 만나, 함께 어울리며 기상천외한 행동을 해서 주위를 즐겁게 해준다. 한편, 자신의 장래를 염두에 두고 의대생을 만나, 약혼까지 결심을 한 미미는 현장에 불같이 나타난 철수에게 너와의 사이는 친구라는 만남의 정의를 내리고 돌아선다. 그날밤 철수가 홧술을 마시는 데, 동참한 보물섬이 쓰러져 병원에 입원하게 되고 마침내 보물섬의 비밀이 드러난다, 불치의 뇌종양에 걸려 얼마 남지않은 시간을 뇌성마비 장애자를 가르치는 지도자로서 지내며, 삶을 가꿔보고 싶다는 것이다. 바다가 보고 싶다는 보물섬의 청에 따라 미미와 철수는 여행을 떠난다. 얼마후 스물 한 살의 나이로 보물섬은 짧으나 열정적이었던 생을 마친다. 제26회 대종상 신인감독상, 신인연기상(김세준), 제32회 아시아태평양영화제 출품."
293,그대안의 블루,"드라마,멜로/로맨스",19921225,https://search.pstatic.net/common?type=o&size=174x242&quality=85&direct=true&src=https%3A%2F%2Fs.pstatic.net%2Fmovie.phinf%2F20111223_196%2F1324618907744lNgbb_JPEG%2Fmovie_image.jpg%3Ftype%3Dw640_2,"직업 디스플레이어 호석은 낯선 거리에서 웨딩드레스를 과감하게 잘라내는 유림을 발견한다. 유림은 일과 사랑을 모두 완벽하게 이루겠다는 꿈을 가지고 있는 여자이다. 철저한 계약관계에 의해 일로써 동료가 된 두 사람은 가치관이 다른 이유로 매번 충돌하지만 호석은 유림의 숨겨진 재능을 감지하고 일하는 여자로 자리매김하기를 기대한다. 그러나 호석을 통해 디스플레이어로 입지를 다진 유림은 사랑을 선택해 떠나고, 호석은 일에 대한 주의의 오해와 질시에 좌절해 이태리로 떠난다. 결혼생활에 안주한 유림은 어느날, 호석으로부터 일하는 유림의 모습이 담긴 비디오 테잎을 받는다. 이는 일과 가정의 상반된 가치관에 혼란스러워 하던 유림에게 다시한번 근본적인 물음을 던지게 하는 계기가 되고, 유림은 이태리로 호석을 찾아간다. 서로를 그리워하던 두 사람은 그 사이에 존재했던 감정의 껍데기를 벗고 뜨겁게 만난다. 그리고 새로운 가치관으로 독특하게 살았던 호석과 로맨틱한 애인이자 현실적인 남편이었던 승찬을 뒤로 하고 유림은 새롭게 홀로선다."
294,경마장 가는 길,"드라마,멜로/로맨스",19911221,https://search.pstatic.net/common?type=o&size=174x242&quality=85&direct=true&src=https%3A%2F%2Fs.pstatic.net%2Fmovie.phinf%2F20111221_216%2F1324462512272XU9qK_JPEG%2Fmovie_image.jpg%3Ftype%3Dw640_2,"프랑스에서 유학을 마치고 돌아온 R은 그곳에서 동거했던 J라는 여자와 다시 만난다. 그러나 어쩐 일인지 J는 R과 섹스를 거부하고 화가 난 R은 대구로 내려온다. 늙은 부모와 가족, 성격이 맞지않는 아내 등, R은 열악한 현실에 직면하게 되고, 시간 강사직을 맞게 되면서 서울-대구를 왕래한다. 서울에 올때마다 J를 만나지만, J는 프랑스가 아니라는 이유를 들어 섹스를 거부하고 R은 정신적 육체적으로 점점 지쳐간다. J는 R의 문학 평론을 가지고 와서 문학박사가 되었으나 이를 숨기고 다른 남자와 결혼하려한다. 이를 알게 된 R은 정신적 배반감으로 J와의 육체 관계에 더욱 몰입하지만 한국을 떠나자는 R의 약속을 J는 끝내 배반하고만다. 이런 방황 속에서 R은 탈출구를 찾기 위해 '경마장 가는 길'이라는 제목으로 글을 쓰기 시작한다."
295,월간 동물영화 5월 - 우리 주변의 동물들,기타,,https://media.istockphoto.com/id/499642119/ko/%EB%B2%A1%ED%84%B0/%EC%82%AC%EC%9A%A9-%EA%B0%80%EB%8A%A5%ED%95%9C-%EC%82%AC%EC%A7%84-%EC%97%86%EC%9D%8C-%EB%98%90%EB%8A%94-%EB%AF%B8%EC%8B%B1-%EC%9D%B4%EB%AF%B8%EC%A7%80.webp?s=612x612&w=is&k=20&c=7c0_XObaB51UOyiKd0n0Vh7DYElthNtjazmmQyHvVhA=,준비 예정
296,언니는 고양이,"드라마,판타지",,https://media.istockphoto.com/id/499642119/ko/%EB%B2%A1%ED%84%B0/%EC%82%AC%EC%9A%A9-%EA%B0%80%EB%8A%A5%ED%95%9C-%EC%82%AC%EC%A7%84-%EC%97%86%EC%9D%8C-%EB%98%90%EB%8A%94-%EB%AF%B8%EC%8B%B1-%EC%9D%B4%EB%AF%B8%EC%A7%80.webp?s=612x612&w=is&k=20&c=7c0_XObaB51UOyiKd0n0Vh7DYElthNtjazmmQyHvVhA=,"철거되는 집에서 쫓겨나는 날, 언니가 고양이가 됐다. [제1회 김포평화생태영화제]"
297,골칫덩어리 곰,다큐멘터리,,https://search.pstatic.net/common?type=ofullfill&size=174x242&quality=85&direct=true&src=https%3A%2F%2Fs.pstatic.net%2Fmovie.phinf%2F20220609_250%2F1654752783230K1Cvy_JPEG%2Fmovie_image.jpg%3Ftype%3Dw640_2,준비 예정
298,리탈리에이터 : 악인전,"액션,공포(호러)",,https://search.pstatic.net/common?type=o&size=174x242&quality=85&direct=true&src=https%3A%2F%2Fs.pstatic.net%2Fmovie.phinf%2F20230414_166%2F1681456173620k7RrW_JPEG%2Fmovie_image.jpg%3Ftype%3Dw640_2,정직하고 화목한 가족을 가진 존경 받는 성직자 비숍. 어느날 딸 레베카가 잔인하게 살해당한채 발견된다. 비숍은 신에게 구원을 얻지 못하자 신앙을 버리고 복수를 선택한다. 살인범을 뒤쫓던 그는 용서받지 못할 극악 무도한 살인자들이 무한의 고통을 즐기며 사로 잡혀있는 어둠의 세계를 발견하게 된다. 이제 악마마저 눈을 피할 피비린내 나는 복수가 시작된다.
299,그래도 내가 하지 않았어,드라마,20081211,https://search.pstatic.net/common?type=o&size=174x242&quality=85&direct=true&src=https%3A%2F%2Fs.pstatic.net%2Fmovie.phinf%2F20230404_49%2F1680586553226s7lLR_JPEG%2Fmovie_image.jpg%3Ftype%3Dw640_2,"회사 면접을 보러 만원 지하철에 오른 ‘가네코 텟페이’는 성추행범으로 몰려 억울한 누명을 쓰게 된다. 현행범으로 체포된 ‘텟페이’는 자신의 결백을 주장하지만, 경찰들은 거짓 자백과 합의를 유도하며 그를 유혹한다. 결국 그의 증언은 조금도 받아들여지지 않은 채 사건은 검찰로 넘어가게 되고, ‘텟페이’를 변호하기 위해 베테랑 변호사 ‘아라카와 마사요시’와 ‘스도 리코’가 고용된다. 유죄 선고율 99.9%! 두 변호사를 포함한 ‘텟페이’의 가족과 친구들은 그의 무죄를 증명하기 위해 함께 애쓰며 2년에 걸친 긴 전쟁이 시작된다. 과연 ‘텟페이’는 자신의 누명을 벗고 명예를 회복할 수 있을까?"
300,호버,"멜로/로맨스,드라마",,https://search.pstatic.net/common?type=ofullfill&size=174x242&quality=85&direct=true&src=https%3A%2F%2Fs.pstatic.net%2Fmovie.phinf%2F20220805_262%2F16596889521082a9P4_PNG%2Fmovie_image.jpg%3Ftype%3Dw640_2,중독된 상대를 이해하기 위한 몸부림.
301,찬란한 나의 복수,드라마,20230329,https://search.pstatic.net/common?type=o&size=174x242&quality=85&direct=true&src=https%3A%2F%2Fs.pstatic.net%2Fmovie.phinf%2F20230324_143%2F16796197528707fihp_JPEG%2Fmovie_image.jpg%3Ftype%3Dw640_2,뺑소니 사고로 사랑하는 아들을 잃은 형사 ‘류이재(허준석)’는 범인을 찾지 못한 채 공소시효를 넘기고 가정마저 무너진다. 피폐한 일상을 술로 달래다가 남원으로 전출되어 ‘엄소현(남보라)’을 만나며 새로운 삶을 살아가려는 찰나 우연히 아들을 죽인 범인 ‘임학촌(이영석)’과 맞닥뜨리게 되는데...
302,검치호 ,가족,,https://search.pstatic.net/common?type=ofullfill&size=174x242&quality=85&direct=true&src=https%3A%2F%2Fs.pstatic.net%2Fmovie.phinf%2F20220628_6%2F1656378246242X6hJF_JPEG%2Fmovie_image.jpg%3Ftype%3Dw640_2,"가망 없는 엄마를 간병하며 병실생활 중인 소녀. 삶에 지칠 대로 지친 소녀가 스스로 결단을 내리려는 순간, 같은 병실의 보호자로 있던 과묵한 노인이 다가온다. [제26회 부천국제판타스틱영화제]"
303,내가 누워있을 때,기타,,https://search.pstatic.net/common?type=ofullfill&size=174x242&quality=85&direct=true&src=https%3A%2F%2Fs.pstatic.net%2Fmovie.phinf%2F20220406_158%2F1649206937957hneP5_JPEG%2Fmovie_image.jpg%3Ftype%3Dw640_2,"각기 다른 사연을 가지고 있는 선아, 지수, 보미. 이들은 지수의 부모님 산소를 향해 급작스럽게 떠나게 된 여행길에서 차 사고를 당한다. 그렇게 세 사람은 낯선 곳에서 하룻밤을 묵게 되고, 서로의 비밀을 알게 된다. [제23회 전주국제영화제]"
304,책 종이 가위,다큐멘터리,,https://search.pstatic.net/common?type=ofullfill&size=174x242&quality=85&direct=true&src=https%3A%2F%2Fs.pstatic.net%2Fmovie.phinf%2F20191001_254%2F1569915174987P5gNK_JPEG%2Fmovie_image.jpg%3Ftype%3Dw640_2,오로지 수작업으로 책을 만들어 온 일본의 북 디자이너 기쿠치 노부요시에 관한 다큐멘터리. 히로세 나나코 감독이 3년 넘게 촬영해 완성한 이 영화는 평생을 북 디자인에 바쳐 온 75세의 기쿠치 노부요시의 삶을 충실히 담아낸다. [제24회 부산국제영화제]
305,치악산,"스릴러,공포(호러),미스터리,SF",,https://search.pstatic.net/common?type=ofullfill&size=174x242&quality=85&direct=true&src=https%3A%2F%2Fs.pstatic.net%2Fmovie.phinf%2F20220628_70%2F1656376986178irNfU_JPEG%2Fmovie_image.jpg%3Ftype%3Dw640_2,"산악자전거 모임 ‘산가자 Sangaja’의 다섯 멤버들. 산악자전거를 타기 위해 리더 민준 삼촌의 별장이 있는 치악산으로 향한다. 치악산에 도착해 라이딩을 즐기는 것도 잠시, 일행들에게 점차 기이한 일들이 일어나기 시작하는데…. 그리고 이들을 쫓아오는 정체불명의 무언가! 치악산에 살아남기 위한 ‘산가자’ 일행들의 처절한 생존게임이 시작된다. [제26회 부천국제판타스틱영화제]"
306,치킨래빗: 잃어버린 보물을 찾아서,애니메이션,20230318,https://search.pstatic.net/common?type=o&size=174x242&quality=85&direct=true&src=https%3A%2F%2Fs.pstatic.net%2Fmovie.phinf%2F20230228_179%2F1677574576375M4xdl_JPEG%2Fmovie_image.jpg%3Ftype%3Dw640_2,"쫑긋한 귀, 앙증맞은 꼬리, 그리고... 갑자기 닭발...?! 토끼인 듯 닭인 듯 반반 매력 뉴 히어로 ‘치킨래빗’이 온다! 아버지 ‘피터’왕의 뒤를 이을 위대한 모험왕을 꿈꾸며 자란 ‘치킨래빗’은 온 국민이 지켜보는 왕립 모험가 협회 테스트에서 형편없는 실력으로 웃음거리가 되고 만다. 명예 회복을 위해 아버지가 눈앞에서 놓쳤던 전설 속 보물 ‘어둠의 햄스터’를 찾고 싶은 ‘치킨래빗’은 만능집사 거북이 ‘에이브’, 액션마스터 스컹크 ‘메그’와 함께 모험에 나선다. 보물을 찾아 왕좌를 빼앗기 위해 탈옥한 삼촌 ‘라팡’의 공격과 빌런들의 끝없는 방해로 닥친 위기의 순간, ‘치킨래빗’에게 숨겨져 있던 특별한 힘이 깨어나게 되는데... 과연 '치킨래빗’은 ‘어둠의 햄스터’를 찾아 왕국을 지킬 수 있을까?"
307,지평선,스릴러,,https://search.pstatic.net/common?type=o&size=174x242&quality=85&direct=true&src=https%3A%2F%2Fs.pstatic.net%2Fmovie.phinf%2F20230308_68%2F1678258605490AIlGq_JPEG%2Fmovie_image.jpg%3Ftype%3Dw640_2,"360VR 인터렉티브 영화로 만들어진 <지평선>은 세계 유일의 분단국가인 남한과 북한의 경계지역 DMZ을 배경으로 한다. 전쟁이 끝난 지 70년이 되어가지만 DMZ에는 아직 많은 양의 지뢰가 땅 속에 묻혀 있다. 김준혁이 근무를 서던 어느 날, 석병장이 사라지고 부대에 비상이 걸린다. 가장 친하게 지냈던 김준혁을 다그치는 중대장과 염병장, 그러나 김준혁은 오히려 그 두 사람을 추적하기 시작하는데.. 도대체 무슨 일이 있었던 것인가? 김준혁이 진실을 찾아가는 과정을 인터렉티브 형식을 통해 관객과 소통하며 전쟁의 후유증을 간접적으로 보여주고자 한다."
308,울산의 별,드라마,,https://search.pstatic.net/common?type=ofullfill&size=174x242&quality=85&direct=true&src=https%3A%2F%2Fs.pstatic.net%2Fmovie.phinf%2F20220920_48%2F1663662747505IffsA_JPEG%2Fmovie_image.jpg%3Ftype%3Dw640_2,"<울산의 별>은 삶이 고요하게 무너져 가는 풍경을 담담하게 잡아내는 영화다. 남편의 사고사 이후 조선소에서 일하며 집안을 꾸려가던 윤화는 해고 통보를 받는다. 설상가상 친척들이 갑자기 찾아와 문중 땅을 빼앗으려는 가운데 아들은 비트코인으로 거액을 날리고 딸은 학업을 포기한 채 서울로의 탈출을 꿈꾼다. 영화는 인물을 둘러싼 불행과 갈등을 단번에 해결하거나 깔끔하게 지워버리는 대신 불편한 상황을 가능한 한 오래 응시하는 쪽을 택한다. 그리하여 삶의 얼룩과 피로에서 눈 돌릴 수 없게 만드는 이 영화는 외면할 수 없는 것, 외면해선 안 되는 순간들을 새삼 일깨운다. 스스로 쉽게 연민하지 않으면서도 끝내 희망을 놓지 않는 태도가 미덥다."
309,거울 속 외딴 성,"애니메이션,미스터리,판타지",20230412,https://search.pstatic.net/common?type=o&size=174x242&quality=85&direct=true&src=https%3A%2F%2Fs.pstatic.net%2Fmovie.phinf%2F20230314_226%2F1678778000131NKJfd_JPEG%2Fmovie_image.jpg%3Ftype%3Dw640_2,"학교에서도 집에서도 마음 둘 곳 없이 외로운 시간을 보내던 ‘코코로’. 어느 날, 방 안의 거울이 갑자기 빛나기 시작하고, ‘코코로’는 홀린 듯 거울 속으로 빨려 들어가게 되는데… 거울 속 세상은 바다 위에 떠있는 신비로운 성이었고, 그곳에서 처음 보는 여섯 명의 친구들과 늑대 가면을 쓴 정체불명의 소녀 ‘늑대님’을 만나게 된다. “성에 숨겨진 열쇠를 찾으면, 원하는 소원을 한 가지 들어주지” 열쇠를 찾으며 조금씩 가까워진 ‘코코로’와 친구들은 뭔가 수상한 점을 하나씩 발견하게 되는데… 모든 수수께끼가 풀리는 순간 상상을 초월하는 기적이 펼쳐진다!"
310,라스트 필름 쇼,드라마,20230412,https://search.pstatic.net/common?type=o&size=174x242&quality=85&direct=true&src=https%3A%2F%2Fs.pstatic.net%2Fmovie.phinf%2F20230328_14%2F1679988990775TvqHm_JPEG%2Fmovie_image.jpg%3Ftype%3Dw640_2,"인도의 작은 마을에 사는 자유로운 영혼을 가진 소년 ‘사메이’는 우연히 영화를 보게 되고, 극장에서 스크린으로 향한 한줄기 빛을 보고 영화와 열정적인 사랑에 빠지게 된다. 영화를 보기 위해 장사도 잘되지 않는 아빠의 작은 찻집에서 돈을 훔치는가 하면 학교도 빼먹기 일쑤다. 한편, 자신의 아들이 영화에 빠진 걸 알게 된 아빠는 '더러운' 영화 세계에서 발을 떼라는 경고까지 하지만 이미 영화에 흠뻑 빠진 ‘사메이’에겐 들리지 않는다. 어느 날, 몰래 학교를 빼고 영화를 보러 간 갤럭시 극장에서 영사 기사 ‘파잘’을 만나며 친해진 둘은 은밀한 거래를 하게 된다. 바로 엄마가 정성껏 싸준 도시락을 건네는 대신 극장 영사실에서 영화를 마음껏 볼 수 있게 해주는 것! 이들의 '도시락-영화' 거래는 그렇게 변치 않는 우정으로 발전하고 영화에 흠뻑 빠진 ‘사메이’는 친구들과 함께 자신들의 꿈인 35mm 영화를 만들기 시작하는데…"
311,모럴해저드(가제),기타,,https://media.istockphoto.com/id/499642119/ko/%EB%B2%A1%ED%84%B0/%EC%82%AC%EC%9A%A9-%EA%B0%80%EB%8A%A5%ED%95%9C-%EC%82%AC%EC%A7%84-%EC%97%86%EC%9D%8C-%EB%98%90%EB%8A%94-%EB%AF%B8%EC%8B%B1-%EC%9D%B4%EB%AF%B8%EC%A7%80.webp?s=612x612&w=is&k=20&c=7c0_XObaB51UOyiKd0n0Vh7DYElthNtjazmmQyHvVhA=,준비 예정
312,잠,미스터리,,https://search.pstatic.net/common?type=o&size=174x242&quality=85&direct=true&src=https%3A%2F%2Fs.pstatic.net%2Fmovie.phinf%2F20230511_135%2F1683771270886AQCHQ_JPEG%2Fmovie_image.jpg%3Ftype%3Dw640_2,"행복한 신혼부부 현수와 수진을 악몽처럼 덮친 남편 현수의 수면 중 이상행동, 잠드는 순간 시작되는 끔찍한 공포의 비밀을 풀기 위해 애쓰는 두 사람의 이야기를 그리는 영화"
313,무송혈전 : 수호지의 전설,"액션,드라마",,https://media.istockphoto.com/id/499642119/ko/%EB%B2%A1%ED%84%B0/%EC%82%AC%EC%9A%A9-%EA%B0%80%EB%8A%A5%ED%95%9C-%EC%82%AC%EC%A7%84-%EC%97%86%EC%9D%8C-%EB%98%90%EB%8A%94-%EB%AF%B8%EC%8B%B1-%EC%9D%B4%EB%AF%B8%EC%A7%80.webp?s=612x612&w=is&k=20&c=7c0_XObaB51UOyiKd0n0Vh7DYElthNtjazmmQyHvVhA=,준비 예정
